index,original_name,transducer,original_unit,physical_min,physical_max,digital_min,digital_max,prefilter,samples_per_record,record_duration_s,fs_hz,physical_units_per_code
0,FP1-F7,,uV,-800.0,800.0,-2048,2047,,256,1.0,256.0,0.3907203907203907
1,F7-T7,,uV,-800.0,800.0,-2048,2047,,256,1.0,256.0,0.3907203907203907
2,T7-P7,,uV,-800.0,800.0,-2048,2047,,256,1.0,256.0,0.3907203907203907
3,P7-O1,,uV,-800.0,800.0,-2048,2047,,256,1.0,256.0,0.3907203907203907
4,FP1-F3,,uV,-800.0,800.0,-2048,2047,,256,1.0,256.0,0.3907203907203907
5,F3-C3,,uV,-800.0,800.0,-2048,2047,,256,1.0,256.0,0.3907203907203907
6,C3-P3,,uV,-800.0,800.0,-2048,2047,,256,1.0,256.0,0.3907203907203907
7,P3-O1,,uV,-800.0,800.0,-2048,2047,,256,1.0,256.0,0.3907203907203907
8,FP2-F4,,uV,-800.0,800.0,-2048,2047,,256,1.0,256.0,0.3907203907203907
9,F4-C4,,uV,-800.0,800.0,-2048,2047,,256,1.0,256.0,0.3907203907203907
10,C4-P4,,uV,-800.0,800.0,-2048,2047,,256,1.0,256.0,0.3907203907203907
11,P4-O2,,uV,-800.0,800.0,-2048,2047,,256,1.0,256.0,0.3907203907203907
12,FP2-F8,,uV,-800.0,800.0,-2048,2047,,256,1.0,256.0,0.3907203907203907
13,F8-T8,,uV,-800.0,800.0,-2048,2047,,256,1.0,256.0,0.3907203907203907
14,T8-P8,,uV,-800.0,800.0,-2048,2047,,256,1.0,256.0,0.3907203907203907
15,P8-O2,,uV,-800.0,800.0,-2048,2047,,256,1.0,256.0,0.3907203907203907
16,FZ-CZ,,uV,-800.0,800.0,-2048,2047,,256,1.0,256.0,0.3907203907203907
17,CZ-PZ,,uV,-800.0,800.0,-2048,2047,,256,1.0,256.0,0.3907203907203907
18,P7-T7,,uV,-800.0,800.0,-2048,2047,,256,1.0,256.0,0.3907203907203907
19,T7-FT9,,uV,-800.0,800.0,-2048,2047,,256,1.0,256.0,0.3907203907203907
20,FT9-FT10,,uV,-800.0,800.0,-2048,2047,,256,1.0,256.0,0.3907203907203907
21,FT10-T8,,uV,-800.0,800.0,-2048,2047,,256,1.0,256.0,0.3907203907203907
22,T8-P8,,uV,-800.0,800.0,-2048,2047,,256,1.0,256.0,0.3907203907203907
